comment,label
loser,toxic
help me a lot,support
horable sound,toxic
help me a lot,support
horable sound,toxic
helpfull,support
this is trash,toxic
help me a lot,support
horable sound,toxic
help me a lot,support
You ar dumb,toxic
help me a lot,support
horable sound,toxic
best knowladge,support
horable sound,toxic
helpfull,support
loser,toxic
you are amazing,support
this is trash,toxic
help me a lot,support
loser,toxic
help me a lot,support
horable sound,toxic
you are amazing,support
horable sound,toxic
best knowladge,support
You ar dumb,toxic
you are amazing,support
You ar dumb,toxic
best knowladge,support
this is trash,toxic
you are amazing,support
this is trash,toxic
you are amazing,support
this is trash,toxic
help me a lot,support
horable sound,toxic
you are amazing,support
this is trash,toxic
you are amazing,support
You ar dumb,toxic
help me a lot,support
You ar dumb,toxic
helpfull,support
You ar dumb,toxic
best knowladge,support
loser,toxic
best knowladge,support
this is trash,toxic
best knowladge,support
this is trash,toxic
you are amazing,support
You ar dumb,toxic
you are amazing,support
loser,toxic
help me a lot,support
loser,toxic
best knowladge,support
this is trash,toxic
best knowladge,support
horable sound,toxic
you are amazing,support
horable sound,toxic
helpfull,support
horable sound,toxic
you are amazing,support
You ar dumb,toxic
you are amazing,support
You ar dumb,toxic
best knowladge,support
loser,toxic
best knowladge,support
horable sound,toxic
help me a lot,support
loser,toxic
help me a lot,support
You ar dumb,toxic
helpfull,support
this is trash,toxic
helpfull,support
loser,toxic
best knowladge,support
You ar dumb,toxic
helpfull,support
this is trash,toxic
you are amazing,support
horable sound,toxic
you are amazing,support
loser,toxic
you are amazing,support
this is trash,toxic
helpfull,support
loser,toxic
best knowladge,support
this is trash,toxic
you are amazing,support
this is trash,toxic
best knowladge,support
loser,toxic
helpfull,support
